username;password;role
Bondowoso;cintaroro;bandung_bondowoso
Roro;gasukabondo;roro_jonggrang
kumpul;kumpul;jin_pengumpul
bangun;bangun;jin_pembangun
admin;admin;bandung_bondowoso
bangun2;bangun2;jin_pembangun
bangun3;bangun3;jin_pembangun
kumpul2;kumpul2;jin_pengumpul
kumpul3;kumpul3;jin_pengumpul
qwerr;qubdh;jin_pengumpul
aiudqs;qwiuiuqwd;jin_pembangun
asuhd;auiwd;jin_pembangun
siudhcfq;awysgdx;jin_pengumpul
aisbgc;auwdh;jin_pembangun
aisubd;qiwydvd;jin_pengumpul
aisbd;qiwydv;jin_pembangun
qiuwdbd;qaiwygdd;jin_pengumpul
2uge;qwuddy;jin_pembangun
qiwydd;qwvdy;jin_pengumpul
qiuwdgd;qwyvd;jin_pembangun
iwvas;ywedv;jin_pengumpul
isvduia;qwiduv;jin_pembangun
aisvc;asjxbd;jin_pengumpul
iwudv;qwudyv;jin_pembangun
qwdvy;awydv;jin_pengumpul
asyvd;qydva;jin_pembangun
aisyvd;wyddv;jin_pengumpul
asiyv;qeuyvc;jin_pembangun
awgd7;qwyvd;jin_pengumpul
aiuevd;wydvd;jin_pembangun
siyvd;qwuidb;jin_pengumpul
aiued;qwydv;jin_pembangun
usvdwwie;aiuevdue;jin_pengumpul
auswbxd;qwuidv ;jin_pembangun
qiuebd;qwiudv;jin_pengumpul
sbdiuwwe;wduqwbd;jin_pembangun
asbden;asubydg;jin_pengumpul
aiudg;12e7g;jin_pembangun
auibe;qwuddb;jin_pengumpul
audb;qwdgd;jin_pembangun
aiebdg;aubdq;jin_pengumpul
aibdb;awiudb;jin_pembangun
auyvd;abyyyye;jin_pengumpul
iusdbx;ixbasxuc;jin_pembangun
asbdxuis;aiuwxb;jin_pengumpul
aiusxbzs;abxuia;jin_pembangun
asiubx;qwudixbiz;jin_pengumpul
ayvdx;asbdw;jin_pembangun
ahbsw;adydxvyhyqw;jin_pengumpul
adhbjq;wyshvj;jin_pembangun
ahbd;awdxvjqq;jin_pengumpul
ashvxj;asjvhxd;jin_pembangun
syvxdj;udxid;jin_pengumpul
asubdx;qwddiuv;jin_pembangun
asyhd;\sudxjvyuj;jin_pembangun
borma;borma;jin_pembangun
aisukjxd;dudvz;jin_pengumpul
xvhc;sixvd;jin_pengumpul
sidvc;wsiyxhdv;jin_pengumpul
aiskig;wiuddv;jin_pengumpul
wsyd;siugd;jin_pembangun
asiud;qwuddv;jin_pengumpul
asigd;asdxg;jin_pembangun
siugxd;wydvfu;jin_pengumpul
aiwgud;wusvcf;jin_pembangun
skjudg;aiuwd;jin_pengumpul
asdgui;asyai;jin_pembangun
ashdgy;asiugd;jin_pengumpul
asjhvdyfw;susjdhv;jin_pembangun
aksjudg;asiwdyge;jin_pengumpul
aisugd;asida;jin_pembangun
aisugd;aswdygw;jin_pengumpul
zkidub;aeufb;jin_pembangun
dugakj;wiudb;jin_pengumpul
zidub;wsiudb;jin_pembangun
siub;siuebf;jin_pengumpul
iducb;awiwdub;jin_pembangun
asiudb;ejds v;jin_pengumpul
siuvc;aiusv;jin_pembangun
asyv;qwudb;jin_pengumpul
suivd;asiudv;jin_pembangun
rdhuf;riufb;jin_pengumpul
sdouicba;iufbs;jin_pembangun
seibfu;eiufc;jin_pengumpul
sidub;ducbsi;jin_pembangun
qwdug;wdebik;jin_pengumpul
qwiubd;qwiudb;jin_pembangun
isubd;wiudc;jin_pengumpul
iwusd;qwius;jin_pembangun
aisuxvd;qwiudv;jin_pengumpul
aisudb;qwiud;jin_pembangun
isudb;qwiudv;jin_pengumpul
asiub;wubska;jin_pembangun
eriuf;siudccbc;jin_pengumpul
iuedb;wefbv;jin_pembangun
ryfbr;vuyrbv;jin_pengumpul
sidubc;vrybv;jin_pembangun
qiwubd;vurcyvb;jin_pengumpul
erubv;ruycbur;jin_pembangun
eufycb;rucvbr;jin_pengumpul
reubc;eruicb;jin_pembangun
sugu;abcde;jin_pengumpul
bedeh;weleh;jin_pembangun
